sigma,topology,n_cows,trial,mean_transitions_e,mean_transitions_r,mean_time_e,mean_time_r,prop_e,prop_r,prop_s,movement_range,vision_range
0.05,WALKING_COWHERD,10,0,428.4,427.9,69.89252336448598,69.84813084112149,0.4425866666666667,0.3543733333333334,0.20304000000000003,0.01,0.2
0.05,WALKING_COWHERD,10,1,416.2,415.8,70.51886792452831,70.46698113207547,0.4464133333333334,0.3579333333333333,0.19565333333333332,0.01,0.2
0.05,WALKING_COWHERD,10,2,415.2,414.8,69.25231481481481,69.17361111111111,0.43622666666666665,0.35043,0.2133433333333333,0.01,0.2
0.05,WALKING_COWHERD,10,3,427.6,427.0,70.41882352941177,70.36084905660377,0.44916999999999996,0.36304,0.18779,0.01,0.2
0.05,WALKING_COWHERD,10,4,430.1,429.6,72.7396593673966,72.69586374695864,0.44032333333333334,0.35281,0.20686666666666667,0.01,0.2
0.05,WALKING_COWHERD,10,5,424.3,424.2,71.0,70.95961995249407,0.44222333333333336,0.35706000000000004,0.20071666666666665,0.01,0.2
0.05,WALKING_COWHERD,10,6,421.5,421.1,70.77777777777777,70.72274881516587,0.4430166666666667,0.35566333333333333,0.20132,0.01,0.2
0.05,WALKING_COWHERD,10,7,431.0,430.7,64.36344086021505,64.31182795698925,0.4415299999999999,0.3549333333333333,0.20353666666666664,0.01,0.2
0.05,WALKING_COWHERD,10,8,421.0,420.2,68.075,68.00683371298406,0.43001000000000006,0.34537,0.22462000000000004,0.01,0.2
0.05,WALKING_COWHERD,10,9,425.2,424.6,69.89485981308411,69.84579439252336,0.43902666666666673,0.35382,0.2071533333333333,0.01,0.2
0.05,WALKING_COWHERD,10,10,426.2,425.9,69.25231481481481,69.03464203233257,0.4327366666666667,0.35068666666666665,0.21657666666666664,0.01,0.2
0.05,WALKING_COWHERD,10,11,428.4,428.2,71.07600950118764,71.0,0.4444866666666667,0.35876,0.19675333333333334,0.01,0.2
0.05,WALKING_COWHERD,10,12,423.1,422.4,71.74580335731414,71.6810551558753,0.44291,0.3541833333333333,0.20290666666666665,0.01,0.2
0.05,WALKING_COWHERD,10,13,431.5,431.0,69.75757575757575,69.7039627039627,0.44535,0.3580866666666666,0.19656333333333337,0.01,0.2
0.05,WALKING_COWHERD,10,14,432.5,432.1,70.47058823529412,70.41509433962264,0.4533966666666667,0.3635466666666666,0.18305666666666665,0.01,0.2
0.05,WALKING_COWHERD,10,15,426.7,426.5,71.00950118764845,70.94536817102137,0.42935000000000006,0.3468233333333334,0.22382666666666667,0.01,0.2
0.05,WALKING_COWHERD,10,16,428.4,428.1,72.87591240875912,72.84390243902439,0.45327,0.3622166666666667,0.18451333333333336,0.01,0.2
0.05,WALKING_COWHERD,10,17,436.6,436.2,70.39294117647059,70.34117647058824,0.43723,0.3526033333333333,0.21016666666666667,0.01,0.2
0.05,WALKING_COWHERD,10,18,417.9,417.1,75.2286432160804,75.17380352644837,0.4556633333333333,0.36191000000000006,0.18242666666666665,0.01,0.2
0.05,WALKING_COWHERD,10,19,435.5,435.1,68.23462414578587,68.18721461187215,0.4494366666666667,0.35979666666666665,0.1907666666666667,0.01,0.2
0.05,WALKING_COWHERD,10,0,420.0,419.8,70.19718309859155,70.02341920374707,0.43729666666666667,0.35258,0.21012333333333336,0.01473684210526316,0.2
0.05,WALKING_COWHERD,10,1,419.2,418.7,74.0940594059406,74.07444168734492,0.44522000000000006,0.3571766666666667,0.19760333333333333,0.01473684210526316,0.2
0.05,WALKING_COWHERD,10,2,424.0,423.5,69.4199535962877,69.36194895591647,0.4497566666666667,0.36178333333333335,0.18846000000000002,0.01473684210526316,0.2
0.05,WALKING_COWHERD,10,3,422.9,422.6,70.95497630331754,70.91448931116389,0.45056,0.35982000000000003,0.18962,0.01473684210526316,0.2
0.05,WALKING_COWHERD,10,4,418.3,417.7,71.95432692307692,71.92530120481928,0.4399899999999999,0.35653666666666667,0.20347333333333334,0.01473684210526316,0.2
0.05,WALKING_COWHERD,10,5,427.3,426.8,69.82943925233644,69.78271028037383,0.44652000000000003,0.35983,0.19365000000000002,0.01473684210526316,0.2
0.05,WALKING_COWHERD,10,6,421.7,421.2,69.81585081585082,69.8177570093458,0.45088333333333325,0.36241666666666666,0.18670000000000003,0.01473684210526316,0.2
0.05,WALKING_COWHERD,10,7,431.6,431.2,71.92548076923077,71.8485576923077,0.4340833333333333,0.3527266666666667,0.21319,0.01473684210526316,0.2
0.05,WALKING_COWHERD,10,8,424.0,423.4,70.64150943396227,70.60520094562648,0.43989666666666666,0.35359666666666667,0.20650666666666667,0.01473684210526316,0.2
0.05,WALKING_COWHERD,10,9,413.3,412.7,71.63875598086125,71.57314148681056,0.4368033333333334,0.35321333333333327,0.20998333333333333,0.01473684210526316,0.2
0.05,WALKING_COWHERD,10,10,418.5,417.8,71.15439429928742,71.0952380952381,0.43168666666666666,0.3486566666666666,0.21965666666666667,0.01473684210526316,0.2
0.05,WALKING_COWHERD,10,11,418.0,417.7,71.76978417266187,71.71223021582733,0.44695999999999997,0.3578766666666667,0.1951633333333333,0.01473684210526316,0.2
0.05,WALKING_COWHERD,10,12,426.0,425.5,71.94711538461539,71.8798076923077,0.4456266666666666,0.3580066666666667,0.19636666666666666,0.01473684210526316,0.2
0.05,WALKING_COWHERD,10,13,424.6,424.4,72.07951807228916,72.03132530120482,0.44214666666666663,0.35688,0.20097333333333336,0.01473684210526316,0.2
0.05,WALKING_COWHERD,10,14,427.1,426.6,69.23611111111111,69.18055555555556,0.44505,0.35928666666666664,0.19566333333333333,0.01473684210526316,0.2
0.05,WALKING_COWHERD,10,15,415.1,414.6,72.97317073170731,72.90487804878049,0.43887,0.35313333333333335,0.20799666666666666,0.01473684210526316,0.2
0.05,WALKING_COWHERD,10,16,419.8,419.3,69.11316397228637,69.03926096997691,0.44311999999999996,0.35601,0.20087000000000002,0.01473684210526316,0.2
0.05,WALKING_COWHERD,10,17,416.6,416.0,71.19285714285714,71.12142857142857,0.4380233333333333,0.3550633333333333,0.20691333333333334,0.01473684210526316,0.2
0.05,WALKING_COWHERD,10,18,427.6,427.1,68.0340909090909,67.99544419134396,0.43815333333333334,0.35345,0.2083966666666667,0.01473684210526316,0.2
0.05,WALKING_COWHERD,10,19,422.9,422.3,71.32619047619048,71.28878281622912,0.4389733333333333,0.35420666666666667,0.20682,0.01473684210526316,0.2
0.05,WALKING_COWHERD,10,0,424.3,423.8,71.22857142857143,71.19047619047619,0.43658,0.35377666666666663,0.20964333333333335,0.019473684210526317,0.2
0.05,WALKING_COWHERD,10,1,423.8,423.4,68.82528735632184,68.77649769585254,0.4461833333333334,0.35974,0.19407666666666668,0.019473684210526317,0.2
0.05,WALKING_COWHERD,10,2,415.6,415.1,71.5622009569378,71.51435406698565,0.4335133333333333,0.35273000000000004,0.21375666666666668,0.019473684210526317,0.2
0.05,WALKING_COWHERD,10,3,420.9,420.5,70.82033096926713,70.72274881516587,0.44011666666666666,0.35521,0.20467333333333332,0.019473684210526317,0.2
0.05,WALKING_COWHERD,10,4,429.1,428.4,68.08181818181818,68.01594533029613,0.44329333333333326,0.35834333333333335,0.19836333333333334,0.019473684210526317,0.2
0.05,WALKING_COWHERD,10,5,417.2,416.8,72.21014492753623,72.15217391304348,0.44775333333333334,0.35885666666666666,0.19339,0.019473684210526317,0.2
0.05,WALKING_COWHERD,10,6,416.2,415.5,72.66019417475728,72.64963503649635,0.4322666666666667,0.35057999999999995,0.2171533333333333,0.019473684210526317,0.2
0.05,WALKING_COWHERD,10,7,413.3,413.2,74.61097256857856,74.54862842892769,0.44718333333333327,0.3593366666666667,0.19348,0.019473684210526317,0.2
0.05,WALKING_COWHERD,10,8,421.9,421.3,72.82725060827251,72.75912408759125,0.44866666666666666,0.36030999999999996,0.19102333333333335,0.019473684210526317,0.2
0.05,WALKING_COWHERD,10,9,423.0,422.7,68.92165898617512,68.8594470046083,0.43838,0.35362,0.20800000000000002,0.019473684210526317,0.2
0.05,WALKING_COWHERD,10,10,424.0,423.6,71.22142857142858,71.15,0.43925666666666663,0.35634666666666664,0.20439666666666664,0.019473684210526317,0.2
0.05,WALKING_COWHERD,10,11,420.9,420.4,69.73193473193473,69.67599067599068,0.4421633333333334,0.35705,0.20078666666666667,0.019473684210526317,0.2
0.05,WALKING_COWHERD,10,12,424.5,424.1,69.00460829493088,68.9445727482679,0.44743000000000005,0.3613266666666667,0.19124333333333335,0.019473684210526317,0.2
0.05,WALKING_COWHERD,10,13,417.2,416.8,71.02375296912113,70.9667458432304,0.43875666666666663,0.3542333333333333,0.20701,0.019473684210526317,0.2
0.05,WALKING_COWHERD,10,14,420.4,420.4,71.33651551312649,71.11428571428571,0.43560333333333334,0.35392,0.21047666666666665,0.019473684210526317,0.2
0.05,WALKING_COWHERD,10,15,417.0,416.7,71.0,70.78199052132702,0.4296266666666666,0.34942666666666666,0.22094666666666668,0.019473684210526317,0.2
0.05,WALKING_COWHERD,10,16,422.8,422.5,69.6993006993007,69.66666666666667,0.43953999999999993,0.35618666666666665,0.2042733333333333,0.019473684210526317,0.2
0.05,WALKING_COWHERD,10,17,429.3,428.8,70.53301886792453,70.48349056603773,0.4422366666666666,0.35827,0.19949333333333336,0.019473684210526317,0.2
0.05,WALKING_COWHERD,10,18,424.3,423.7,68.22779043280183,68.1689497716895,0.44140000000000007,0.3558266666666667,0.20277333333333333,0.019473684210526317,0.2
0.05,WALKING_COWHERD,10,19,424.6,424.2,73.51105651105651,73.45945945945945,0.43372333333333335,0.35158999999999996,0.21468666666666664,0.019473684210526317,0.2
0.05,WALKING_COWHERD,10,0,413.2,412.7,70.27699530516432,70.22588235294117,0.42801,0.34981,0.22218,0.024210526315789474,0.2
0.05,WALKING_COWHERD,10,1,420.5,420.0,69.20601851851852,69.16435185185185,0.44784999999999997,0.35712333333333335,0.19502666666666665,0.024210526315789474,0.2
0.05,WALKING_COWHERD,10,2,427.2,426.9,69.41763341067285,69.36426914153132,0.43920666666666675,0.35584999999999994,0.20494333333333334,0.024210526315789474,0.2
0.05,WALKING_COWHERD,10,3,421.4,421.3,70.66903073286052,70.4504716981132,0.4471766666666667,0.36102666666666666,0.19179666666666667,0.024210526315789474,0.2
0.05,WALKING_COWHERD,10,4,418.3,417.9,73.51105651105651,73.45454545454545,0.4470533333333333,0.35907333333333336,0.19387333333333334,0.024210526315789474,0.2
0.05,WALKING_COWHERD,10,5,419.3,419.0,71.99278846153847,71.89638554216867,0.44929333333333343,0.36090333333333335,0.18980333333333335,0.024210526315789474,0.2
0.05,WALKING_COWHERD,10,6,418.1,417.5,72.52784503631962,72.4635922330097,0.44109999999999994,0.3564733333333333,0.20242666666666667,0.024210526315789474,0.2
0.05,WALKING_COWHERD,10,7,419.9,419.7,70.11241217798595,70.03521126760563,0.4392533333333333,0.35379,0.20695666666666668,0.024210526315789474,0.2
0.05,WALKING_COWHERD,10,8,423.4,422.9,71.24285714285715,71.16666666666667,0.44261333333333325,0.3586,0.19878666666666667,0.024210526315789474,0.2
0.05,WALKING_COWHERD,10,9,420.1,419.4,73.85679012345679,73.82673267326733,0.4455333333333333,0.35955333333333334,0.19491333333333333,0.024210526315789474,0.2
0.05,WALKING_COWHERD,10,10,419.6,419.3,71.16428571428571,71.11190476190477,0.4356166666666666,0.35469666666666666,0.20968666666666666,0.024210526315789474,0.2
0.05,WALKING_COWHERD,10,11,417.9,417.5,71.79856115107914,71.75961538461539,0.43570666666666663,0.35240333333333335,0.21189,0.024210526315789474,0.2
0.05,WALKING_COWHERD,10,12,421.1,420.4,73.22249388753056,73.13480392156863,0.4381166666666667,0.35400333333333334,0.20788,0.024210526315789474,0.2
0.05,WALKING_COWHERD,10,13,421.7,421.5,73.42260442260442,73.4029484029484,0.43700333333333335,0.35624666666666666,0.20675,0.024210526315789474,0.2
0.05,WALKING_COWHERD,10,14,419.7,419.2,70.94549763033176,70.85510688836105,0.43938,0.35673999999999995,0.20388,0.024210526315789474,0.2
0.05,WALKING_COWHERD,10,15,415.5,415.0,72.70631067961165,72.65693430656934,0.4432166666666667,0.35756,0.19922333333333336,0.024210526315789474,0.2
0.05,WALKING_COWHERD,10,16,415.3,414.9,72.18313253012049,72.15217391304348,0.4447033333333333,0.35971,0.19558666666666666,0.024210526315789474,0.2
0.05,WALKING_COWHERD,10,17,418.0,417.5,72.39951573849879,72.33414043583535,0.4383866666666667,0.3551033333333333,0.20651000000000003,0.024210526315789474,0.2
0.05,WALKING_COWHERD,10,18,426.6,426.2,70.70921985815603,70.65957446808511,0.4461266666666666,0.36133,0.19254333333333334,0.024210526315789474,0.2
0.05,WALKING_COWHERD,10,19,427.0,426.5,67.76923076923077,67.69614512471655,0.44871333333333324,0.3630066666666667,0.18828,0.024210526315789474,0.2
0.05,WALKING_COWHERD,10,0,421.4,421.0,74.60099750623442,74.53865336658355,0.44047000000000003,0.3550466666666666,0.20448333333333335,0.02894736842105263,0.2
0.05,WALKING_COWHERD,10,1,417.2,416.8,72.50605326876513,72.40776699029126,0.4401833333333333,0.3543133333333333,0.20550333333333332,0.02894736842105263,0.2
0.05,WALKING_COWHERD,10,2,418.5,418.1,72.10120481927711,72.04589371980677,0.43933999999999995,0.35545,0.20521000000000003,0.02894736842105263,0.2
0.05,WALKING_COWHERD,10,3,424.7,424.4,71.46062052505967,71.39473684210526,0.44489333333333325,0.36022333333333334,0.19488333333333333,0.02894736842105263,0.2
0.05,WALKING_COWHERD,10,4,420.9,420.5,71.55741626794259,71.49043062200957,0.44353333333333333,0.3586,0.19786666666666664,0.02894736842105263,0.2
0.05,WALKING_COWHERD,10,5,416.2,416.0,72.74939172749392,72.71289537712896,0.4391166666666667,0.3541533333333333,0.20673000000000002,0.02894736842105263,0.2
0.05,WALKING_COWHERD,10,6,416.8,416.4,71.76258992805755,71.74278846153847,0.43655,0.3516066666666667,0.21184333333333333,0.02894736842105263,0.2
0.05,WALKING_COWHERD,10,7,418.4,418.0,72.90024330900243,72.88780487804878,0.44567000000000007,0.36118,0.19315,0.02894736842105263,0.2
0.05,WALKING_COWHERD,10,8,425.0,424.7,71.5933014354067,71.52631578947368,0.44006333333333336,0.35758,0.20235666666666668,0.02894736842105263,0.2
0.05,WALKING_COWHERD,10,9,417.4,416.6,70.97156398104265,70.87173396674584,0.44290666666666667,0.3575833333333333,0.19951000000000002,0.02894736842105263,0.2
0.05,WALKING_COWHERD,10,10,421.9,421.8,71.53588516746412,71.48086124401914,0.4434133333333333,0.35978666666666664,0.1968,0.02894736842105263,0.2
0.05,WALKING_COWHERD,10,11,421.1,420.5,70.9691943127962,70.91211401425178,0.44570333333333334,0.35966,0.19463666666666668,0.02894736842105263,0.2
0.05,WALKING_COWHERD,10,12,426.3,425.5,69.9392523364486,69.87587822014052,0.44128,0.35655666666666674,0.20216333333333333,0.02894736842105263,0.2
0.05,WALKING_COWHERD,10,13,417.9,417.5,72.40677966101696,72.35351089588377,0.4384733333333333,0.35551,0.20601666666666665,0.02894736842105263,0.2
0.05,WALKING_COWHERD,10,14,413.4,412.9,71.49164677804296,71.25059665871122,0.44020000000000004,0.3559933333333333,0.2038066666666667,0.02894736842105263,0.2
0.05,WALKING_COWHERD,10,15,420.3,420.0,71.84615384615384,71.80048076923077,0.44076999999999994,0.35544333333333333,0.2037866666666667,0.02894736842105263,0.2
0.05,WALKING_COWHERD,10,16,423.1,422.5,70.20657276995306,70.13145539906104,0.43894,0.3569,0.20415999999999998,0.02894736842105263,0.2
0.05,WALKING_COWHERD,10,17,417.0,416.6,73.22493887530563,73.17892156862744,0.44060999999999995,0.35825,0.20113999999999996,0.02894736842105263,0.2
0.05,WALKING_COWHERD,10,18,417.0,416.7,71.54306220095694,71.48325358851675,0.4366533333333333,0.3528066666666666,0.21054,0.02894736842105263,0.2
0.05,WALKING_COWHERD,10,19,421.9,421.5,71.472553699284,71.38995215311004,0.4423,0.35705333333333333,0.20064666666666664,0.02894736842105263,0.2
0.05,WALKING_COWHERD,10,0,420.0,419.8,72.05783132530121,72.01204819277109,0.44089333333333336,0.35794,0.20116666666666666,0.03368421052631579,0.2
0.05,WALKING_COWHERD,10,1,419.1,419.0,70.7612293144208,70.739336492891,0.4410733333333333,0.35744333333333334,0.20148333333333332,0.03368421052631579,0.2
0.05,WALKING_COWHERD,10,2,414.3,413.9,70.8388625592417,70.80805687203791,0.4451533333333333,0.3570266666666667,0.19782,0.03368421052631579,0.2
0.05,WALKING_COWHERD,10,3,419.4,419.1,70.28638497652582,70.23764705882353,0.4414166666666667,0.35767,0.20091333333333333,0.03368421052631579,0.2
0.05,WALKING_COWHERD,10,4,421.8,421.4,70.29107981220658,70.23058823529412,0.4396166666666666,0.3570933333333334,0.20329000000000003,0.03368421052631579,0.2
0.05,WALKING_COWHERD,10,5,419.5,419.2,71.66187050359713,71.6378896882494,0.44165666666666664,0.3585266666666667,0.19981666666666667,0.03368421052631579,0.2
0.05,WALKING_COWHERD,10,6,415.4,414.8,72.61893203883496,72.54611650485437,0.43484333333333336,0.35424333333333335,0.21091333333333334,0.03368421052631579,0.2
0.05,WALKING_COWHERD,10,7,421.0,420.6,71.20714285714286,71.19047619047619,0.44487333333333334,0.36069666666666667,0.19443,0.03368421052631579,0.2
0.05,WALKING_COWHERD,10,8,424.9,424.6,71.09263657957244,71.04761904761905,0.44153000000000003,0.35642,0.20204999999999998,0.03368421052631579,0.2
0.05,WALKING_COWHERD,10,9,422.5,422.4,72.40677966101696,72.40193704600485,0.43900666666666666,0.35628333333333334,0.20471,0.03368421052631579,0.2
0.05,WALKING_COWHERD,10,10,417.8,417.2,73.36764705882354,73.33415233415234,0.4403066666666667,0.35836666666666667,0.20132666666666665,0.03368421052631579,0.2
0.05,WALKING_COWHERD,10,11,423.6,423.5,69.82476635514018,69.62470862470863,0.43915333333333334,0.35663666666666666,0.20421,0.03368421052631579,0.2
0.05,WALKING_COWHERD,10,12,422.6,422.4,69.6993006993007,69.67365967365967,0.4410166666666667,0.35705333333333333,0.20193,0.03368421052631579,0.2
0.05,WALKING_COWHERD,10,13,418.9,418.4,70.80851063829788,70.72748815165876,0.4400033333333333,0.35609,0.20390666666666668,0.03368421052631579,0.2
0.05,WALKING_COWHERD,10,14,420.1,419.9,72.00721153846153,72.00240963855421,0.43982666666666664,0.35767333333333334,0.20249999999999999,0.03368421052631579,0.2
0.05,WALKING_COWHERD,10,15,419.1,418.7,72.02403846153847,71.94698795180723,0.4414233333333333,0.35713,0.2014466666666667,0.03368421052631579,0.2
0.05,WALKING_COWHERD,10,16,423.1,422.8,70.43294117647059,70.22588235294117,0.4412166666666667,0.35680666666666666,0.20197666666666664,0.03368421052631579,0.2
0.05,WALKING_COWHERD,10,17,423.1,422.7,70.75886524822695,70.71563981042654,0.44443666666666665,0.35990333333333335,0.19566,0.03368421052631579,0.2
0.05,WALKING_COWHERD,10,18,418.9,418.8,72.22705314009661,72.20048309178743,0.4392333333333334,0.35592333333333326,0.20484333333333332,0.03368421052631579,0.2
0.05,WALKING_COWHERD,10,19,422.4,422.0,70.23708920187794,70.1830985915493,0.43417666666666666,0.3542266666666667,0.21159666666666666,0.03368421052631579,0.2
0.05,WALKING_COWHERD,10,0,420.7,420.3,70.75413711583924,70.66903073286052,0.4384566666666667,0.35517666666666664,0.20636666666666667,0.03842105263157895,0.2
0.05,WALKING_COWHERD,10,1,422.4,421.9,72.34782608695652,72.26634382566586,0.44076000000000004,0.3572733333333334,0.20196666666666668,0.03842105263157895,0.2
0.05,WALKING_COWHERD,10,2,417.8,417.3,69.50812064965197,69.43023255813954,0.4376366666666667,0.35811000000000004,0.20425333333333331,0.03842105263157895,0.2
0.05,WALKING_COWHERD,10,3,417.4,416.9,69.95327102803738,69.90632318501171,0.43955,0.35506,0.20539000000000002,0.03842105263157895,0.2
0.05,WALKING_COWHERD,10,4,425.2,425.0,71.03087885985748,70.97387173396675,0.4418566666666667,0.35839666666666664,0.19974666666666668,0.03842105263157895,0.2
0.05,WALKING_COWHERD,10,5,419.5,418.9,71.40572792362768,71.35322195704057,0.43640333333333337,0.35464999999999997,0.20894666666666667,0.03842105263157895,0.2
0.05,WALKING_COWHERD,10,6,416.9,416.3,71.35799522673031,71.30787589498807,0.44059,0.3581066666666667,0.20130333333333333,0.03842105263157895,0.2
0.05,WALKING_COWHERD,10,7,422.2,421.7,71.52153110047847,71.50478468899522,0.43791666666666673,0.35498,0.20710333333333333,0.03842105263157895,0.2
0.05,WALKING_COWHERD,10,8,418.7,418.3,72.85888077858881,72.77073170731707,0.44064999999999993,0.35714,0.20221,0.03842105263157895,0.2
0.05,WALKING_COWHERD,10,9,415.3,414.8,69.95327102803738,69.95081967213115,0.4389733333333333,0.35739333333333334,0.20363333333333333,0.03842105263157895,0.2
0.05,WALKING_COWHERD,10,10,422.7,422.3,71.09263657957244,71.0332541567696,0.4406066666666667,0.35805,0.20134333333333335,0.03842105263157895,0.2
0.05,WALKING_COWHERD,10,11,420.0,419.4,70.63207547169812,70.60283687943263,0.4411933333333334,0.35736999999999997,0.20143666666666665,0.03842105263157895,0.2
0.05,WALKING_COWHERD,10,12,421.6,421.3,70.54716981132076,70.5,0.4407066666666667,0.35839000000000004,0.20090333333333335,0.03842105263157895,0.2
0.05,WALKING_COWHERD,10,13,416.3,416.0,71.18333333333334,71.11428571428571,0.4357266666666667,0.35707666666666665,0.20719666666666664,0.03842105263157895,0.2
0.05,WALKING_COWHERD,10,14,423.0,422.8,71.15238095238095,71.11904761904762,0.4401633333333333,0.3602333333333333,0.19960333333333333,0.03842105263157895,0.2
0.05,WALKING_COWHERD,10,15,418.5,418.2,71.381861575179,71.32219570405728,0.43999333333333335,0.3586433333333333,0.20136333333333334,0.03842105263157895,0.2
0.05,WALKING_COWHERD,10,16,420.7,420.2,72.56553398058253,72.50728155339806,0.43793999999999994,0.3543666666666666,0.20769333333333334,0.03842105263157895,0.2
0.05,WALKING_COWHERD,10,17,417.8,417.4,70.30046948356808,69.90163934426229,0.43794666666666676,0.3548866666666667,0.20716666666666667,0.03842105263157895,0.2
0.05,WALKING_COWHERD,10,18,420.3,419.8,72.72330097087378,72.65936739659368,0.43718,0.3559633333333333,0.20685666666666663,0.03842105263157895,0.2
0.05,WALKING_COWHERD,10,19,417.9,417.5,71.23571428571428,71.16904761904762,0.4377133333333333,0.35530666666666666,0.20698,0.03842105263157895,0.2
0.05,WALKING_COWHERD,10,0,419.2,418.9,71.49164677804296,71.25775656324582,0.44345333333333337,0.36002,0.19652666666666668,0.04315789473684211,0.2
0.05,WALKING_COWHERD,10,1,421.2,420.8,71.14251781472684,71.1047619047619,0.43800333333333336,0.35490999999999995,0.20708666666666664,0.04315789473684211,0.2
0.05,WALKING_COWHERD,10,2,421.0,420.5,73.13447432762837,73.0906862745098,0.43795666666666666,0.35669666666666666,0.20534666666666665,0.04315789473684211,0.2
0.05,WALKING_COWHERD,10,3,416.9,416.6,70.62264150943396,70.54609929078015,0.4384766666666667,0.35695333333333334,0.20457,0.04315789473684211,0.2
0.05,WALKING_COWHERD,10,4,421.5,421.1,71.20952380952382,71.18333333333334,0.44003999999999993,0.35535,0.20461000000000001,0.04315789473684211,0.2
0.05,WALKING_COWHERD,10,5,420.3,419.7,73.46928746928747,73.62807881773399,0.4462533333333334,0.36014666666666667,0.1936,0.04315789473684211,0.2
0.05,WALKING_COWHERD,10,6,419.1,418.5,71.10688836104514,71.06904761904762,0.4326933333333334,0.35239666666666664,0.21491000000000002,0.04315789473684211,0.2
0.05,WALKING_COWHERD,10,7,423.9,423.8,73.15892420537897,73.09046454767726,0.44378,0.36146333333333336,0.19475666666666666,0.04315789473684211,0.2
0.05,WALKING_COWHERD,10,8,418.2,418.0,71.79136690647482,71.6978417266187,0.4413333333333333,0.35895999999999995,0.19970666666666664,0.04315789473684211,0.2
0.05,WALKING_COWHERD,10,9,417.5,416.8,73.67733990147784,73.60837438423646,0.43484333333333336,0.3547866666666667,0.21037,0.04315789473684211,0.2
0.05,WALKING_COWHERD,10,10,418.0,417.3,70.4235294117647,70.2164705882353,0.44195,0.35759,0.20046,0.04315789473684211,0.2
0.05,WALKING_COWHERD,10,11,419.7,418.7,72.78832116788321,72.73658536585366,0.4389966666666667,0.35514666666666667,0.20585666666666666,0.04315789473684211,0.2
0.05,WALKING_COWHERD,10,12,418.4,418.1,71.11401425178147,71.0332541567696,0.4370833333333334,0.35625000000000007,0.2066666666666667,0.04315789473684211,0.2
0.05,WALKING_COWHERD,10,13,416.4,415.7,72.22946859903382,72.20772946859903,0.44146666666666673,0.35830666666666666,0.2002266666666667,0.04315789473684211,0.2
0.05,WALKING_COWHERD,10,14,413.4,412.8,71.4128878281623,71.38755980861244,0.4396366666666666,0.35577000000000003,0.20459333333333332,0.04315789473684211,0.2
0.05,WALKING_COWHERD,10,15,422.0,421.5,71.70263788968825,71.49521531100478,0.43825000000000003,0.35677333333333333,0.20497666666666667,0.04315789473684211,0.2
0.05,WALKING_COWHERD,10,16,417.3,417.1,70.8436018957346,70.8175355450237,0.4386033333333333,0.3567866666666667,0.20461000000000001,0.04315789473684211,0.2
0.05,WALKING_COWHERD,10,17,420.1,419.9,70.19014084507042,70.13849765258216,0.43616,0.35657666666666665,0.2072633333333333,0.04315789473684211,0.2
0.05,WALKING_COWHERD,10,18,423.0,422.7,71.39140811455847,71.32696897374701,0.4412466666666667,0.35755666666666663,0.2011966666666667,0.04315789473684211,0.2
0.05,WALKING_COWHERD,10,19,422.1,421.9,71.10688836104514,70.8436018957346,0.43804,0.35956999999999995,0.20239000000000001,0.04315789473684211,0.2
0.05,WALKING_COWHERD,10,0,420.6,420.1,71.86298076923077,71.82451923076923,0.43718666666666667,0.3570466666666666,0.20576666666666665,0.04789473684210527,0.2
0.05,WALKING_COWHERD,10,1,420.0,419.2,71.95673076923077,71.89879518072289,0.43500666666666665,0.35483,0.2101633333333333,0.04789473684210527,0.2
0.05,WALKING_COWHERD,10,2,420.5,419.9,70.80614657210401,70.75829383886256,0.43859666666666663,0.3587433333333333,0.20265999999999998,0.04789473684210527,0.2
0.05,WALKING_COWHERD,10,3,421.1,420.7,70.19483568075117,70.13615023474179,0.4361,0.35524999999999995,0.20865,0.04789473684210527,0.2
0.05,WALKING_COWHERD,10,4,416.3,416.2,72.5631067961165,72.51941747572816,0.43807333333333337,0.35557333333333335,0.20635333333333333,0.04789473684210527,0.2
0.05,WALKING_COWHERD,10,5,421.3,421.3,72.20048309178743,72.1256038647343,0.4432266666666667,0.35955333333333334,0.19722,0.04789473684210527,0.2
0.05,WALKING_COWHERD,10,6,415.6,415.0,71.53827751196172,71.47129186602871,0.43342333333333327,0.35478333333333334,0.21179333333333336,0.04789473684210527,0.2
0.05,WALKING_COWHERD,10,7,414.5,414.1,73.8320987654321,73.7679012345679,0.4415233333333333,0.3575466666666667,0.20093,0.04789473684210527,0.2
0.05,WALKING_COWHERD,10,8,420.4,420.3,69.37587006960557,69.30626450116009,0.43412666666666666,0.35633333333333334,0.20954,0.04789473684210527,0.2
0.05,WALKING_COWHERD,10,9,416.5,416.0,72.46246973365618,72.41747572815534,0.4355033333333333,0.35724000000000006,0.20725666666666664,0.04789473684210527,0.2
0.05,WALKING_COWHERD,10,10,417.7,417.7,73.08068459657702,73.06601466992664,0.4317866666666667,0.3541333333333333,0.21408,0.04789473684210527,0.2
0.05,WALKING_COWHERD,10,11,418.6,418.1,70.32235294117648,70.2870588235294,0.43594,0.35476,0.20929999999999999,0.04789473684210527,0.2
0.05,WALKING_COWHERD,10,12,418.9,418.6,72.11084337349398,72.05301204819277,0.4447866666666667,0.35964,0.19557333333333332,0.04789473684210527,0.2
0.05,WALKING_COWHERD,10,13,416.4,415.6,71.44868735083533,71.41148325358851,0.4386433333333334,0.3560166666666667,0.20534,0.04789473684210527,0.2
0.05,WALKING_COWHERD,10,14,415.6,415.1,72.6383495145631,72.61313868613139,0.4356,0.35447666666666666,0.20992333333333332,0.04789473684210527,0.2
0.05,WALKING_COWHERD,10,15,419.8,419.5,70.3075117370892,70.10328638497653,0.43794666666666665,0.35642,0.20563333333333333,0.04789473684210527,0.2
0.05,WALKING_COWHERD,10,16,420.2,419.8,70.7966903073286,70.73222748815166,0.4382066666666667,0.35631999999999997,0.2054733333333333,0.04789473684210527,0.2
0.05,WALKING_COWHERD,10,17,418.2,418.4,71.36276849642005,71.33651551312649,0.4414866666666667,0.3588866666666667,0.19962666666666667,0.04789473684210527,0.2
0.05,WALKING_COWHERD,10,18,417.2,416.8,72.4455205811138,72.39320388349515,0.43914,0.35719333333333336,0.20366666666666666,0.04789473684210527,0.2
0.05,WALKING_COWHERD,10,19,422.5,422.2,72.05301204819277,71.99518072289156,0.43585,0.3550766666666666,0.20907333333333336,0.04789473684210527,0.2
0.05,WALKING_COWHERD,10,0,418.6,418.2,72.19082125603865,72.1207729468599,0.43642666666666663,0.3546066666666666,0.20896666666666666,0.052631578947368425,0.2
0.05,WALKING_COWHERD,10,1,420.0,419.6,71.92548076923077,71.85336538461539,0.43701,0.3570033333333334,0.20598666666666668,0.052631578947368425,0.2
0.05,WALKING_COWHERD,10,2,418.8,418.2,70.62971698113208,70.5579196217494,0.4389833333333334,0.35684666666666665,0.20417000000000002,0.052631578947368425,0.2
0.05,WALKING_COWHERD,10,3,424.7,424.3,70.45176470588235,70.40330188679245,0.4395833333333333,0.3585333333333333,0.20188333333333333,0.052631578947368425,0.2
0.05,WALKING_COWHERD,10,4,420.2,419.8,70.90995260663507,70.86255924170617,0.43246,0.35519666666666666,0.21234333333333333,0.052631578947368425,0.2
0.05,WALKING_COWHERD,10,5,416.5,416.1,72.44067796610169,72.40291262135922,0.43906,0.3564966666666667,0.20444333333333337,0.052631578947368425,0.2
0.05,WALKING_COWHERD,10,6,418.1,417.5,70.13348946135831,70.0868544600939,0.4323033333333333,0.35461,0.21308666666666665,0.052631578947368425,0.2
0.05,WALKING_COWHERD,10,7,419.9,419.6,72.42372881355932,72.38498789346247,0.43784,0.35690666666666665,0.20525333333333334,0.052631578947368425,0.2
0.05,WALKING_COWHERD,10,8,420.4,420.2,70.81516587677726,70.77488151658768,0.43484,0.3553,0.20986,0.052631578947368425,0.2
0.05,WALKING_COWHERD,10,9,418.5,418.1,71.20476190476191,71.14285714285714,0.43685,0.35731,0.20583999999999997,0.052631578947368425,0.2
0.05,WALKING_COWHERD,10,10,416.5,416.3,70.60047281323877,70.58865248226951,0.43684333333333336,0.35641,0.20674666666666663,0.052631578947368425,0.2
0.05,WALKING_COWHERD,10,11,417.5,416.8,71.25238095238095,71.17422434367542,0.43802666666666673,0.3557766666666667,0.20619666666666667,0.052631578947368425,0.2
0.05,WALKING_COWHERD,10,12,419.0,418.8,70.78250591016548,70.73696682464455,0.43699000000000005,0.3551033333333334,0.20790666666666663,0.052631578947368425,0.2
0.05,WALKING_COWHERD,10,13,417.4,416.9,69.59767441860465,69.54778554778555,0.43796333333333326,0.35635999999999995,0.20567666666666665,0.052631578947368425,0.2
0.05,WALKING_COWHERD,10,14,415.3,415.0,71.63157894736842,71.5947242206235,0.43732000000000004,0.35623666666666665,0.20644333333333337,0.052631578947368425,0.2
0.05,WALKING_COWHERD,10,15,415.7,415.2,71.22857142857143,71.0166270783848,0.4334666666666667,0.3515233333333333,0.21501,0.052631578947368425,0.2
0.05,WALKING_COWHERD,10,16,419.4,419.0,71.43436754176611,71.37081339712918,0.43871000000000004,0.3591566666666667,0.20213333333333333,0.052631578947368425,0.2
0.05,WALKING_COWHERD,10,17,420.1,419.5,70.93127962085308,70.89311163895486,0.43900666666666666,0.3574533333333334,0.20354,0.052631578947368425,0.2
0.05,WALKING_COWHERD,10,18,418.9,418.4,70.5495283018868,70.48349056603773,0.4339766666666667,0.35419666666666666,0.21182666666666666,0.052631578947368425,0.2
0.05,WALKING_COWHERD,10,19,420.1,419.4,71.50596658711217,71.4090909090909,0.4388866666666667,0.3565966666666666,0.20451666666666668,0.052631578947368425,0.2
0.05,WALKING_COWHERD,10,0,416.1,415.5,73.14669926650367,73.12009803921569,0.43550999999999995,0.3568666666666666,0.20762333333333335,0.05736842105263158,0.2
0.05,WALKING_COWHERD,10,1,420.7,420.1,70.57075471698113,70.50235849056604,0.43683666666666665,0.35558666666666666,0.2075766666666667,0.05736842105263158,0.2
0.05,WALKING_COWHERD,10,2,416.6,416.0,73.45945945945945,73.45945945945945,0.44075999999999993,0.3571366666666667,0.2021033333333333,0.05736842105263158,0.2
0.05,WALKING_COWHERD,10,3,418.8,418.6,70.31058823529412,70.26823529411764,0.43479999999999996,0.35717,0.20803000000000002,0.05736842105263158,0.2
0.05,WALKING_COWHERD,10,4,421.6,420.9,70.95023696682465,70.91211401425178,0.4359333333333334,0.35641666666666666,0.20765000000000003,0.05736842105263158,0.2
0.05,WALKING_COWHERD,10,5,415.6,415.4,73.54299754299754,73.46683046683047,0.4349833333333334,0.35655333333333333,0.20846333333333336,0.05736842105263158,0.2
0.05,WALKING_COWHERD,10,6,414.3,414.2,74.20843672456576,74.151364764268,0.43381,0.35584333333333334,0.21034666666666668,0.05736842105263158,0.2
0.05,WALKING_COWHERD,10,7,417.7,417.0,71.23809523809524,71.17857142857143,0.43515,0.3549399999999999,0.20990999999999999,0.05736842105263158,0.2
0.05,WALKING_COWHERD,10,8,417.4,417.1,71.13064133016627,71.08571428571429,0.4384966666666667,0.35768666666666665,0.2038166666666667,0.05736842105263158,0.2
0.05,WALKING_COWHERD,10,9,423.7,423.0,71.95673076923077,71.89879518072289,0.44345999999999997,0.35781666666666667,0.1987233333333333,0.05736842105263158,0.2
0.05,WALKING_COWHERD,10,10,418.7,418.1,71.30952380952381,71.25059665871122,0.4338666666666667,0.35569666666666666,0.21043666666666666,0.05736842105263158,0.2
0.05,WALKING_COWHERD,10,11,417.9,417.2,73.93333333333334,73.88366336633663,0.4363966666666667,0.35836666666666667,0.20523666666666665,0.05736842105263158,0.2
0.05,WALKING_COWHERD,10,12,420.5,420.2,70.74940898345153,70.69194312796209,0.43773,0.35683000000000004,0.20544,0.05736842105263158,0.2
0.05,WALKING_COWHERD,10,13,417.5,417.1,71.8441247002398,71.77163461538461,0.43635333333333326,0.3561033333333333,0.20754333333333336,0.05736842105263158,0.2
0.05,WALKING_COWHERD,10,14,414.9,414.3,72.15180722891566,72.11111111111111,0.4351466666666667,0.3554633333333333,0.20939000000000002,0.05736842105263158,0.2
0.05,WALKING_COWHERD,10,15,416.9,416.5,72.99512195121952,72.92176039119805,0.43465999999999994,0.3542233333333334,0.21111666666666667,0.05736842105263158,0.2
0.05,WALKING_COWHERD,10,16,420.3,420.1,71.51674641148325,71.27446300715991,0.43939666666666666,0.3587633333333334,0.20184000000000002,0.05736842105263158,0.2
0.05,WALKING_COWHERD,10,17,416.3,415.8,74.6925,74.6475,0.4359,0.3564966666666667,0.2076033333333333,0.05736842105263158,0.2
0.05,WALKING_COWHERD,10,18,421.1,420.9,70.5495283018868,70.51179245283019,0.43727333333333335,0.35971000000000003,0.20301666666666668,0.05736842105263158,0.2
0.05,WALKING_COWHERD,10,19,416.6,416.3,71.28162291169451,71.26730310262529,0.4334033333333333,0.35572,0.21087666666666668,0.05736842105263158,0.2
0.05,WALKING_COWHERD,10,0,415.8,415.4,71.89182692307692,71.83173076923077,0.43685999999999997,0.35738000000000003,0.20576,0.06210526315789474,0.2
0.05,WALKING_COWHERD,10,1,418.7,418.0,72.06265060240963,72.04106280193237,0.4354266666666667,0.3541066666666667,0.21046666666666666,0.06210526315789474,0.2
0.05,WALKING_COWHERD,10,2,414.9,414.4,73.03170731707317,73.0122249388753,0.43705,0.35603666666666667,0.20691333333333334,0.06210526315789474,0.2
0.05,WALKING_COWHERD,10,3,416.6,416.5,71.59808612440192,71.53349282296651,0.43506333333333336,0.35680666666666666,0.20813,0.06210526315789474,0.2
0.05,WALKING_COWHERD,10,4,414.5,414.2,71.52870813397129,71.53349282296651,0.43882999999999994,0.3576833333333333,0.20348666666666668,0.06210526315789474,0.2
0.05,WALKING_COWHERD,10,5,419.2,418.7,71.75779376498801,71.6810551558753,0.43879,0.35741333333333325,0.20379666666666668,0.06210526315789474,0.2
0.05,WALKING_COWHERD,10,6,417.6,417.6,72.66990291262135,72.61557177615572,0.43656666666666666,0.35675999999999997,0.20667333333333335,0.06210526315789474,0.2
0.05,WALKING_COWHERD,10,7,414.2,413.8,72.66019417475728,72.40291262135922,0.4371300000000001,0.35425,0.20861999999999997,0.06210526315789474,0.2
0.05,WALKING_COWHERD,10,8,418.7,418.3,70.72104018912529,70.64302600472813,0.43332999999999994,0.3565933333333334,0.21007666666666663,0.06210526315789474,0.2
0.05,WALKING_COWHERD,10,9,415.0,414.6,71.76258992805755,71.72596153846153,0.4390133333333333,0.35477666666666663,0.20621,0.06210526315789474,0.2
0.05,WALKING_COWHERD,10,10,419.7,419.5,72.1421686746988,72.08212560386474,0.4343666666666667,0.35607333333333335,0.20956000000000002,0.06210526315789474,0.2
0.05,WALKING_COWHERD,10,11,418.1,417.8,72.10361445783133,72.06280193236715,0.4352733333333333,0.3566,0.2081266666666667,0.06210526315789474,0.2
0.05,WALKING_COWHERD,10,12,421.4,421.5,70.51650943396227,70.48584905660377,0.43639666666666665,0.35914333333333337,0.20446,0.06210526315789474,0.2
0.05,WALKING_COWHERD,10,13,419.3,419.0,71.70503597122303,71.65227817745803,0.43970666666666663,0.3568733333333333,0.20342,0.06210526315789474,0.2
0.05,WALKING_COWHERD,10,14,418.4,417.9,70.82505910165484,70.77725118483413,0.43667,0.35479333333333335,0.20853666666666668,0.06210526315789474,0.2
0.05,WALKING_COWHERD,10,15,418.1,417.9,71.12114014251782,70.89311163895486,0.43604000000000004,0.35785,0.20610999999999996,0.06210526315789474,0.2
0.05,WALKING_COWHERD,10,16,417.2,416.8,72.18795180722891,72.15458937198068,0.43505000000000005,0.35291,0.21204,0.06210526315789474,0.2
0.05,WALKING_COWHERD,10,17,419.6,419.3,72.55339805825243,72.50485436893204,0.43709999999999993,0.35768000000000005,0.20522,0.06210526315789474,0.2
0.05,WALKING_COWHERD,10,18,416.0,415.7,71.84375,71.79567307692308,0.43553333333333344,0.35495,0.20951666666666666,0.06210526315789474,0.2
0.05,WALKING_COWHERD,10,19,419.0,418.6,73.37009803921569,73.32186732186732,0.43800333333333336,0.35929333333333335,0.20270333333333337,0.06210526315789474,0.2
0.05,WALKING_COWHERD,10,0,414.6,414.2,73.69211822660098,73.64285714285714,0.4348033333333333,0.3542466666666667,0.21094999999999997,0.0668421052631579,0.2
0.05,WALKING_COWHERD,10,1,417.7,417.3,70.97156398104265,70.89548693586698,0.43333999999999995,0.35513666666666666,0.21152333333333334,0.0668421052631579,0.2
0.05,WALKING_COWHERD,10,2,419.7,419.3,71.61483253588517,71.57314148681056,0.4368766666666667,0.35517999999999994,0.2079433333333333,0.0668421052631579,0.2
0.05,WALKING_COWHERD,10,3,417.8,417.4,72.14698795180723,72.08454106280193,0.4366266666666667,0.35833000000000004,0.20504333333333333,0.0668421052631579,0.2
0.05,WALKING_COWHERD,10,4,416.2,415.7,71.83932853717026,71.8125,0.4338566666666666,0.3539966666666667,0.21214666666666665,0.0668421052631579,0.2
0.05,WALKING_COWHERD,10,5,416.8,416.5,71.79136690647482,71.70983213429257,0.4332233333333334,0.35614666666666667,0.21063,0.0668421052631579,0.2
0.05,WALKING_COWHERD,10,6,416.9,416.5,70.88862559241706,70.84834123222748,0.43685333333333337,0.35926,0.2038866666666667,0.0668421052631579,0.2
0.05,WALKING_COWHERD,10,7,421.2,420.7,71.8273381294964,71.78125,0.43162333333333336,0.3559133333333333,0.21246333333333337,0.0668421052631579,0.2
0.05,WALKING_COWHERD,10,8,416.7,416.2,71.44630071599045,71.38995215311004,0.43457333333333337,0.35589333333333334,0.20953333333333335,0.0668421052631579,0.2
0.05,WALKING_COWHERD,10,9,418.4,417.9,70.90758293838863,70.85781990521328,0.43503,0.3537766666666667,0.21119333333333334,0.0668421052631579,0.2
0.05,WALKING_COWHERD,10,10,417.4,417.3,70.7872340425532,70.68557919621749,0.43168666666666666,0.35455666666666674,0.21375666666666668,0.0668421052631579,0.2
0.05,WALKING_COWHERD,10,11,420.8,420.2,69.7972027972028,69.70560747663552,0.43268000000000006,0.35524333333333336,0.21207666666666664,0.0668421052631579,0.2
0.05,WALKING_COWHERD,10,12,418.8,418.3,71.66267942583733,71.59952038369305,0.43424000000000007,0.3572466666666667,0.20851333333333333,0.0668421052631579,0.2
0.05,WALKING_COWHERD,10,13,420.3,419.9,71.83932853717026,71.8173076923077,0.4339033333333333,0.35728,0.20881666666666665,0.0668421052631579,0.2
0.05,WALKING_COWHERD,10,14,419.4,418.7,70.83175355450237,70.80094786729858,0.43628333333333336,0.3576466666666666,0.20607000000000003,0.0668421052631579,0.2
0.05,WALKING_COWHERD,10,15,419.1,419.0,72.77372262773723,72.7323600973236,0.43649666666666675,0.35673666666666665,0.20676666666666668,0.0668421052631579,0.2
0.05,WALKING_COWHERD,10,16,414.1,413.9,72.99512195121952,72.93170731707318,0.43451000000000006,0.3569433333333333,0.2085466666666667,0.0668421052631579,0.2
0.05,WALKING_COWHERD,10,17,421.0,420.4,71.17619047619047,71.1452380952381,0.43649666666666675,0.35964999999999997,0.20385333333333336,0.0668421052631579,0.2
0.05,WALKING_COWHERD,10,18,416.1,415.6,73.44471744471744,73.41523341523342,0.43997333333333327,0.3574066666666667,0.20262000000000002,0.0668421052631579,0.2
0.05,WALKING_COWHERD,10,19,418.2,418.0,71.39379474940334,71.3436754176611,0.43462666666666666,0.35728,0.20809333333333332,0.0668421052631579,0.2
0.05,WALKING_COWHERD,10,0,419.8,419.5,71.14726840855107,71.08333333333333,0.4356466666666667,0.35585333333333335,0.2085,0.07157894736842106,0.2
0.05,WALKING_COWHERD,10,1,414.7,414.1,72.46489104116223,72.41747572815534,0.4332633333333333,0.3552066666666666,0.21153,0.07157894736842106,0.2
0.05,WALKING_COWHERD,10,2,418.8,418.4,71.39856801909308,71.37320574162679,0.43486333333333327,0.35584000000000005,0.2092966666666667,0.07157894736842106,0.2
0.05,WALKING_COWHERD,10,3,422.3,422.0,71.64832535885168,71.60191846522781,0.4340566666666666,0.35733666666666664,0.20860666666666666,0.07157894736842106,0.2
0.05,WALKING_COWHERD,10,4,418.3,418.1,72.1301204819277,72.07487922705315,0.43265000000000003,0.3556566666666666,0.21169333333333334,0.07157894736842106,0.2
0.05,WALKING_COWHERD,10,5,417.1,416.7,72.46004842615012,72.42233009708738,0.4381433333333333,0.35689333333333334,0.20496333333333333,0.07157894736842106,0.2
0.05,WALKING_COWHERD,10,6,416.0,415.5,72.03855421686747,72.01686746987951,0.43241666666666667,0.3556033333333334,0.21198,0.07157894736842106,0.2
0.05,WALKING_COWHERD,10,7,418.3,418.2,71.43436754176611,71.35799522673031,0.43464666666666674,0.35531333333333337,0.21003999999999995,0.07157894736842106,0.2
0.05,WALKING_COWHERD,10,8,415.7,415.4,71.70743405275779,71.6642685851319,0.4310866666666667,0.35401,0.21490333333333336,0.07157894736842106,0.2
0.05,WALKING_COWHERD,10,9,420.0,419.7,71.23809523809524,71.18095238095238,0.43101666666666666,0.3572766666666667,0.21170666666666665,0.07157894736842106,0.2
0.05,WALKING_COWHERD,10,10,416.3,416.2,71.73381294964028,71.67386091127098,0.43205,0.3560133333333333,0.21193666666666666,0.07157894736842106,0.2
0.05,WALKING_COWHERD,10,11,421.9,421.7,69.64186046511628,69.55244755244755,0.43005666666666664,0.35564333333333337,0.21430000000000002,0.07157894736842106,0.2
0.05,WALKING_COWHERD,10,12,418.6,418.0,72.43099273607749,72.3680387409201,0.4339433333333333,0.35581666666666667,0.21024000000000004,0.07157894736842106,0.2
0.05,WALKING_COWHERD,10,13,419.6,419.0,71.66746411483254,71.64748201438849,0.4355833333333334,0.35864666666666667,0.20576999999999995,0.07157894736842106,0.2
0.05,WALKING_COWHERD,10,14,416.6,416.0,71.8369304556355,71.77403846153847,0.4354066666666666,0.35633666666666663,0.20825666666666667,0.07157894736842106,0.2
0.05,WALKING_COWHERD,10,15,417.8,417.3,71.14251781472684,71.10952380952381,0.4354766666666666,0.35557,0.20895333333333332,0.07157894736842106,0.2
0.05,WALKING_COWHERD,10,16,416.5,416.0,71.36754176610978,71.33412887828162,0.43138999999999994,0.3546533333333334,0.21395666666666666,0.07157894736842106,0.2
0.05,WALKING_COWHERD,10,17,415.5,415.1,71.875,71.82211538461539,0.4365433333333334,0.3546033333333334,0.20885333333333334,0.07157894736842106,0.2
0.05,WALKING_COWHERD,10,18,415.7,415.3,71.92548076923077,71.88221153846153,0.4317166666666667,0.35502333333333336,0.21326,0.07157894736842106,0.2
0.05,WALKING_COWHERD,10,19,413.2,413.1,72.57038834951456,72.54611650485437,0.43068999999999996,0.35284000000000004,0.21647,0.07157894736842106,0.2
0.05,WALKING_COWHERD,10,0,417.4,416.8,72.42130750605327,72.3680387409201,0.43254000000000004,0.35583,0.21162999999999998,0.07631578947368421,0.2
0.05,WALKING_COWHERD,10,1,417.3,417.0,73.31127450980392,73.27450980392157,0.43470000000000003,0.35722,0.20808,0.07631578947368421,0.2
0.05,WALKING_COWHERD,10,2,417.2,416.6,71.20714285714286,71.1595238095238,0.4339266666666666,0.35785666666666666,0.20821666666666666,0.07631578947368421,0.2
0.05,WALKING_COWHERD,10,3,415.4,415.0,72.46973365617433,72.4368932038835,0.4381933333333333,0.3574166666666667,0.20439,0.07631578947368421,0.2
0.05,WALKING_COWHERD,10,4,417.2,416.9,70.87203791469194,70.83175355450237,0.43320333333333333,0.3555033333333334,0.21129333333333333,0.07631578947368421,0.2
0.05,WALKING_COWHERD,10,5,418.4,417.8,71.35560859188544,71.31026252983294,0.43145333333333336,0.3566066666666667,0.21193999999999996,0.07631578947368421,0.2
0.05,WALKING_COWHERD,10,6,417.1,416.9,71.32857142857142,71.13095238095238,0.4317566666666667,0.35558999999999996,0.2126533333333333,0.07631578947368421,0.2
0.05,WALKING_COWHERD,10,7,417.0,416.6,71.31026252983294,71.28162291169451,0.43581666666666663,0.35775,0.20643333333333333,0.07631578947368421,0.2
0.05,WALKING_COWHERD,10,8,414.7,414.5,72.55582524271844,72.50485436893204,0.43502,0.3548666666666667,0.21011333333333332,0.07631578947368421,0.2
0.05,WALKING_COWHERD,10,9,418.1,417.5,73.23471882640587,73.16911764705883,0.43273333333333336,0.35656666666666664,0.21069999999999997,0.07631578947368421,0.2
0.05,WALKING_COWHERD,10,10,419.7,419.4,72.4503631961259,72.39225181598063,0.43150999999999995,0.3554733333333333,0.2130166666666667,0.07631578947368421,0.2
0.05,WALKING_COWHERD,10,11,419.5,419.4,73.0,72.74452554744525,0.43512666666666666,0.35868,0.2061933333333333,0.07631578947368421,0.2
0.05,WALKING_COWHERD,10,12,418.9,418.5,71.51674641148325,71.4688995215311,0.4355033333333333,0.35650333333333334,0.20799333333333334,0.07631578947368421,0.2
0.05,WALKING_COWHERD,10,13,414.9,414.8,72.54854368932038,72.54611650485437,0.43273,0.35404,0.21322999999999998,0.07631578947368421,0.2
0.05,WALKING_COWHERD,10,14,418.3,418.0,70.9004739336493,70.84834123222748,0.43484333333333336,0.3560133333333333,0.20914333333333332,0.07631578947368421,0.2
0.05,WALKING_COWHERD,10,15,415.7,415.2,72.27294685990339,72.23188405797102,0.4326066666666667,0.3551533333333333,0.21224000000000004,0.07631578947368421,0.2
0.05,WALKING_COWHERD,10,16,420.3,420.3,70.39764705882352,70.32941176470588,0.43201,0.35731666666666667,0.21067333333333332,0.07631578947368421,0.2
0.05,WALKING_COWHERD,10,17,416.6,416.5,71.96634615384616,71.77403846153847,0.43163,0.3563733333333333,0.21199666666666667,0.07631578947368421,0.2
0.05,WALKING_COWHERD,10,18,418.6,418.2,72.00963855421686,71.9566265060241,0.43499,0.35692333333333337,0.20808666666666667,0.07631578947368421,0.2
0.05,WALKING_COWHERD,10,19,417.4,416.6,72.67961165048544,72.62287104622871,0.43681000000000003,0.35757666666666665,0.20561333333333334,0.07631578947368421,0.2
0.05,WALKING_COWHERD,10,0,418.5,418.1,72.59223300970874,72.55339805825243,0.4335566666666667,0.35553333333333337,0.21091,0.08105263157894736,0.2
0.05,WALKING_COWHERD,10,1,416.4,415.9,71.7673860911271,71.70983213429257,0.4293,0.35333000000000003,0.21736999999999998,0.08105263157894736,0.2
0.05,WALKING_COWHERD,10,2,413.4,413.2,72.46731234866829,72.39225181598063,0.4362733333333333,0.35806,0.20566666666666666,0.08105263157894736,0.2
0.05,WALKING_COWHERD,10,3,417.1,417.1,72.76155717761557,72.74209245742092,0.4334166666666667,0.3560533333333334,0.21053000000000002,0.08105263157894736,0.2
0.05,WALKING_COWHERD,10,4,415.3,414.9,71.60526315789474,71.53717026378897,0.43414666666666674,0.3560533333333334,0.2098,0.08105263157894736,0.2
0.05,WALKING_COWHERD,10,5,417.0,416.6,70.88862559241706,70.86255924170617,0.43312,0.3535866666666666,0.21329333333333333,0.08105263157894736,0.2
0.05,WALKING_COWHERD,10,6,413.0,412.3,71.875,71.85096153846153,0.43685999999999997,0.3557733333333334,0.20736666666666664,0.08105263157894736,0.2
0.05,WALKING_COWHERD,10,7,415.7,415.4,72.4140435835351,72.38740920096852,0.4304433333333334,0.3563466666666667,0.21321000000000004,0.08105263157894736,0.2
0.05,WALKING_COWHERD,10,8,416.9,416.4,71.97115384615384,71.91807228915663,0.4313433333333333,0.35499,0.21366666666666667,0.08105263157894736,0.2
0.05,WALKING_COWHERD,10,9,415.2,414.9,71.57894736842105,71.52870813397129,0.4315733333333334,0.3552033333333333,0.21322333333333332,0.08105263157894736,0.2
0.05,WALKING_COWHERD,10,10,415.7,415.4,72.97317073170731,72.91707317073171,0.43304666666666664,0.35650333333333334,0.21044999999999997,0.08105263157894736,0.2
0.05,WALKING_COWHERD,10,11,415.0,414.7,72.40677966101696,72.3680387409201,0.43057333333333336,0.35550666666666675,0.21391999999999997,0.08105263157894736,0.2
0.05,WALKING_COWHERD,10,12,414.8,414.0,72.45278450363196,72.39225181598063,0.43116000000000004,0.3557533333333333,0.2130866666666667,0.08105263157894736,0.2
0.05,WALKING_COWHERD,10,13,411.8,411.8,72.7323600973236,72.68126520681265,0.43659666666666663,0.35602666666666666,0.20737666666666668,0.08105263157894736,0.2
0.05,WALKING_COWHERD,10,14,416.6,415.9,73.99257425742574,73.9430693069307,0.43210333333333334,0.3560066666666667,0.21189,0.08105263157894736,0.2
0.05,WALKING_COWHERD,10,15,413.6,413.2,72.01923076923077,71.93253012048193,0.4359066666666667,0.3547166666666667,0.20937666666666668,0.08105263157894736,0.2
0.05,WALKING_COWHERD,10,16,418.4,417.5,72.15421686746988,72.09420289855072,0.4296466666666666,0.3542333333333333,0.21612,0.08105263157894736,0.2
0.05,WALKING_COWHERD,10,17,417.4,416.7,71.96153846153847,71.89156626506023,0.43388333333333334,0.35558,0.21053666666666668,0.08105263157894736,0.2
0.05,WALKING_COWHERD,10,18,417.1,416.6,71.71462829736211,71.69304556354916,0.42736,0.3549366666666667,0.21770333333333336,0.08105263157894736,0.2
0.05,WALKING_COWHERD,10,19,416.5,416.1,72.84428223844282,72.78780487804877,0.4347966666666667,0.35705333333333333,0.20815,0.08105263157894736,0.2
0.05,WALKING_COWHERD,10,0,416.9,416.4,72.71116504854369,72.66666666666667,0.43306666666666666,0.35617333333333334,0.21076,0.08578947368421053,0.2
0.05,WALKING_COWHERD,10,1,414.0,413.2,71.76978417266187,71.72596153846153,0.43369666666666673,0.35629,0.21001333333333333,0.08578947368421053,0.2
0.05,WALKING_COWHERD,10,2,416.9,416.4,73.77832512315271,73.56403940886699,0.43193666666666664,0.3533533333333333,0.21471,0.08578947368421053,0.2
0.05,WALKING_COWHERD,10,3,418.8,418.3,71.49403341288783,71.44497607655502,0.4303233333333333,0.35531,0.21436666666666668,0.08578947368421053,0.2
0.05,WALKING_COWHERD,10,4,415.5,415.2,73.1320293398533,73.05867970660147,0.43095333333333335,0.35438,0.21466666666666664,0.08578947368421053,0.2
0.05,WALKING_COWHERD,10,5,415.7,415.3,72.61650485436893,72.55097087378641,0.4333,0.35563,0.21107,0.08578947368421053,0.2
0.05,WALKING_COWHERD,10,6,415.0,415.0,71.55502392344498,71.35799522673031,0.4328133333333334,0.3567166666666667,0.21047000000000002,0.08578947368421053,0.2
0.05,WALKING_COWHERD,10,7,415.4,414.8,72.1855421686747,72.11835748792271,0.43226333333333333,0.3551033333333333,0.2126333333333333,0.08578947368421053,0.2
0.05,WALKING_COWHERD,10,8,418.0,417.3,71.67224880382776,71.64028776978417,0.4279300000000001,0.35337999999999997,0.21868999999999997,0.08578947368421053,0.2
0.05,WALKING_COWHERD,10,9,418.1,417.7,72.48668280871671,72.44660194174757,0.43494,0.3561233333333333,0.2089366666666667,0.08578947368421053,0.2
0.05,WALKING_COWHERD,10,10,415.2,415.0,72.01442307692308,72.00240963855421,0.43354666666666664,0.3555933333333334,0.21086,0.08578947368421053,0.2
0.05,WALKING_COWHERD,10,11,414.5,414.3,72.43341404358354,72.40193704600485,0.43065333333333333,0.35406,0.21528666666666668,0.08578947368421053,0.2
0.05,WALKING_COWHERD,10,12,416.5,416.6,72.19323671497584,71.96867469879518,0.4327866666666667,0.35494666666666663,0.2122666666666667,0.08578947368421053,0.2
0.05,WALKING_COWHERD,10,13,416.0,415.5,72.14698795180723,72.10386473429952,0.43269,0.35624333333333336,0.21106666666666665,0.08578947368421053,0.2
0.05,WALKING_COWHERD,10,14,417.0,416.6,72.7250608272506,72.7080291970803,0.43331333333333333,0.35647999999999996,0.2102066666666667,0.08578947368421053,0.2
0.05,WALKING_COWHERD,10,15,416.2,415.7,72.1156626506024,72.04830917874396,0.43177666666666664,0.35473333333333334,0.21349,0.08578947368421053,0.2
0.05,WALKING_COWHERD,10,16,418.5,418.3,70.53066037735849,70.50471698113208,0.4315266666666667,0.3559433333333333,0.21252999999999997,0.08578947368421053,0.2
0.05,WALKING_COWHERD,10,17,412.5,412.1,73.25672371638142,73.21078431372548,0.4321133333333333,0.35312,0.21476666666666663,0.08578947368421053,0.2
0.05,WALKING_COWHERD,10,18,416.0,415.8,71.55502392344498,71.47607655502392,0.4317066666666666,0.35626,0.21203333333333335,0.08578947368421053,0.2
0.05,WALKING_COWHERD,10,19,419.0,418.7,70.9739336492891,70.760663507109,0.43200666666666665,0.3572433333333333,0.21075,0.08578947368421053,0.2
0.05,WALKING_COWHERD,10,0,417.4,416.8,72.41888619854721,72.33898305084746,0.42918666666666666,0.35466333333333333,0.21615,0.09052631578947369,0.2
0.05,WALKING_COWHERD,10,1,416.1,415.5,71.47732696897374,71.38995215311004,0.42960666666666664,0.3533033333333333,0.21709,0.09052631578947369,0.2
0.05,WALKING_COWHERD,10,2,415.8,415.3,72.12048192771084,72.09661835748793,0.43311666666666665,0.35685,0.21003333333333335,0.09052631578947369,0.2
0.05,WALKING_COWHERD,10,3,418.5,417.9,72.46973365617433,72.40291262135922,0.43359000000000003,0.35728,0.20912999999999998,0.09052631578947369,0.2
0.05,WALKING_COWHERD,10,4,415.5,414.9,71.32380952380953,71.23627684964201,0.43126333333333333,0.35306333333333334,0.21567333333333333,0.09052631578947369,0.2
0.05,WALKING_COWHERD,10,5,418.4,417.8,71.39618138424821,71.33971291866028,0.4346633333333333,0.35988666666666663,0.20545,0.09052631578947369,0.2
0.05,WALKING_COWHERD,10,6,412.8,412.6,71.83213429256595,71.62350119904077,0.43097,0.35522,0.21381,0.09052631578947369,0.2
0.05,WALKING_COWHERD,10,7,416.1,415.3,71.8798076923077,71.83653846153847,0.43083666666666665,0.3580966666666667,0.21106666666666665,0.09052631578947369,0.2
0.05,WALKING_COWHERD,10,8,416.8,416.5,72.60436893203884,72.38983050847457,0.4306433333333334,0.35684,0.2125166666666667,0.09052631578947369,0.2
0.05,WALKING_COWHERD,10,9,414.0,413.4,71.07363420427554,71.0166270783848,0.4334866666666667,0.3543066666666667,0.21220666666666665,0.09052631578947369,0.2
0.05,WALKING_COWHERD,10,10,419.4,418.9,70.43764705882353,70.3670588235294,0.4343533333333333,0.3553133333333333,0.21033333333333334,0.09052631578947369,0.2
0.05,WALKING_COWHERD,10,11,417.1,416.6,72.13253012048193,72.08937198067633,0.43129,0.35725,0.21146000000000004,0.09052631578947369,0.2
0.05,WALKING_COWHERD,10,12,414.9,414.6,72.53026634382567,72.44660194174757,0.42975,0.3545833333333333,0.21566666666666667,0.09052631578947369,0.2
0.05,WALKING_COWHERD,10,13,412.8,412.3,71.84652278177458,71.8125,0.42699,0.35211,0.2209,0.09052631578947369,0.2
0.05,WALKING_COWHERD,10,14,415.8,415.9,71.9326923076923,71.88221153846153,0.43312333333333325,0.3560933333333333,0.21078333333333338,0.09052631578947369,0.2
0.05,WALKING_COWHERD,10,15,419.5,419.0,71.48448687350836,71.45454545454545,0.43343,0.35523333333333335,0.21133666666666667,0.09052631578947369,0.2
0.05,WALKING_COWHERD,10,16,414.3,413.8,73.36274509803921,73.29729729729729,0.43022,0.35478000000000004,0.215,0.09052631578947369,0.2
0.05,WALKING_COWHERD,10,17,418.8,418.2,71.48210023866348,71.26491646778042,0.43303,0.3575733333333333,0.20939666666666668,0.09052631578947369,0.2
0.05,WALKING_COWHERD,10,18,414.5,414.4,71.89903846153847,71.86024096385542,0.43149999999999994,0.35814999999999997,0.21034999999999998,0.09052631578947369,0.2
0.05,WALKING_COWHERD,10,19,413.8,413.4,72.26086956521739,72.21980676328502,0.4289833333333333,0.3553233333333333,0.21569333333333335,0.09052631578947369,0.2
0.05,WALKING_COWHERD,10,0,414.9,414.8,71.79856115107914,71.70192307692308,0.43372333333333335,0.35569,0.21058666666666664,0.09526315789473684,0.2
0.05,WALKING_COWHERD,10,1,413.4,413.1,71.52870813397129,71.50478468899522,0.4282233333333333,0.35344999999999993,0.21832666666666664,0.09526315789473684,0.2
0.05,WALKING_COWHERD,10,2,412.5,412.3,71.31666666666666,71.27207637231504,0.42905333333333334,0.3548733333333333,0.21607333333333334,0.09526315789473684,0.2
0.05,WALKING_COWHERD,10,3,415.3,415.4,72.78102189781022,72.53883495145631,0.43500999999999995,0.35470999999999997,0.21027999999999997,0.09526315789473684,0.2
0.05,WALKING_COWHERD,10,4,414.1,413.7,72.28985507246377,72.20823244552058,0.4289166666666667,0.35314999999999996,0.2179333333333333,0.09526315789473684,0.2
0.05,WALKING_COWHERD,10,5,417.0,416.6,72.74695863746959,72.69829683698296,0.4286066666666667,0.3567266666666666,0.21466666666666664,0.09526315789473684,0.2
0.05,WALKING_COWHERD,10,6,417.6,417.0,71.04988123515439,71.00950118764845,0.4279766666666667,0.35398999999999997,0.2180333333333333,0.09526315789473684,0.2
0.05,WALKING_COWHERD,10,7,419.4,418.8,71.98798076923077,71.90120481927711,0.43160999999999994,0.3552633333333333,0.2131266666666667,0.09526315789473684,0.2
0.05,WALKING_COWHERD,10,8,416.7,416.0,70.62028301886792,70.56264775413712,0.42979,0.3546533333333333,0.21555666666666667,0.09526315789473684,0.2
0.05,WALKING_COWHERD,10,9,412.9,412.4,72.19518072289156,72.15458937198068,0.43350999999999995,0.35792,0.20857,0.09526315789473684,0.2
0.05,WALKING_COWHERD,10,10,416.6,416.0,73.19315403422983,73.12745098039215,0.4284733333333334,0.3556633333333334,0.2158633333333333,0.09526315789473684,0.2
0.05,WALKING_COWHERD,10,11,414.5,414.1,73.73645320197045,73.6231527093596,0.4295833333333333,0.35473333333333334,0.2156833333333333,0.09526315789473684,0.2
0.05,WALKING_COWHERD,10,12,414.8,414.3,72.09397590361446,72.05301204819277,0.42952666666666667,0.3552866666666667,0.2151866666666667,0.09526315789473684,0.2
0.05,WALKING_COWHERD,10,13,416.9,416.6,72.98048780487805,72.92682926829268,0.43180666666666667,0.35553,0.21266333333333334,0.09526315789473684,0.2
0.05,WALKING_COWHERD,10,14,414.2,413.9,71.37231503579952,71.32219570405728,0.4326366666666666,0.3561,0.2112633333333333,0.09526315789473684,0.2
0.05,WALKING_COWHERD,10,15,413.6,412.9,73.77093596059113,73.75061728395062,0.42915000000000003,0.3530033333333333,0.21784666666666666,0.09526315789473684,0.2
0.05,WALKING_COWHERD,10,16,419.3,418.6,70.74468085106383,70.68957345971565,0.43054,0.35495333333333334,0.21450666666666668,0.09526315789473684,0.2
0.05,WALKING_COWHERD,10,17,415.8,415.4,70.9478672985782,70.88598574821853,0.4316366666666666,0.3549366666666666,0.21342666666666665,0.09526315789473684,0.2
0.05,WALKING_COWHERD,10,18,419.8,419.5,71.03800475059383,70.98574821852732,0.43163999999999997,0.35702,0.21134,0.09526315789473684,0.2
0.05,WALKING_COWHERD,10,19,418.3,418.1,70.89336492890995,70.68085106382979,0.42551000000000005,0.35468666666666665,0.2198033333333333,0.09526315789473684,0.2
0.05,WALKING_COWHERD,10,0,417.3,416.8,72.30676328502416,72.24697336561744,0.43381333333333333,0.3565333333333333,0.20965333333333333,0.1,0.2
0.05,WALKING_COWHERD,10,1,416.6,415.8,72.6747572815534,72.61070559610705,0.42946999999999996,0.35300333333333334,0.21752666666666665,0.1,0.2
0.05,WALKING_COWHERD,10,2,413.5,413.6,72.70316301703163,72.67153284671532,0.42802666666666667,0.35342666666666667,0.21854666666666667,0.1,0.2
0.05,WALKING_COWHERD,10,3,414.5,414.0,72.60436893203884,72.5364077669903,0.4288566666666666,0.3536433333333333,0.21750000000000003,0.1,0.2
0.05,WALKING_COWHERD,10,4,416.3,415.8,70.91232227488152,70.8388625592417,0.43121,0.3555466666666667,0.2132433333333333,0.1,0.2
0.05,WALKING_COWHERD,10,5,416.0,415.6,71.73860911270984,71.68824940047962,0.4290633333333334,0.35678333333333334,0.21415333333333333,0.1,0.2
0.05,WALKING_COWHERD,10,6,415.2,414.9,73.24938875305624,73.17892156862744,0.42890000000000006,0.3527733333333333,0.2183266666666667,0.1,0.2
0.05,WALKING_COWHERD,10,7,414.7,414.3,71.13064133016627,71.1,0.43029,0.35528666666666664,0.21442333333333335,0.1,0.2
0.05,WALKING_COWHERD,10,8,415.8,415.4,71.71702637889689,71.67865707434052,0.4289133333333333,0.35462,0.21646666666666667,0.1,0.2
0.05,WALKING_COWHERD,10,9,417.6,417.3,72.10843373493977,72.05301204819277,0.4284266666666666,0.35294,0.21863333333333332,0.1,0.2
0.05,WALKING_COWHERD,10,10,416.9,416.5,71.94711538461539,71.87740384615384,0.4301533333333333,0.35539333333333334,0.21445333333333333,0.1,0.2
0.05,WALKING_COWHERD,10,11,418.5,417.9,70.80851063829788,70.72985781990522,0.42918666666666666,0.35456666666666664,0.2162466666666667,0.1,0.2
0.05,WALKING_COWHERD,10,12,416.9,416.2,71.61244019138756,71.56115107913669,0.43082000000000004,0.35505000000000003,0.21413,0.1,0.2
0.05,WALKING_COWHERD,10,13,415.9,415.7,71.11401425178147,71.0190023752969,0.4283,0.3532766666666667,0.21842333333333333,0.1,0.2
0.05,WALKING_COWHERD,10,14,411.2,410.6,73.95308641975309,73.9009900990099,0.42895666666666665,0.35285,0.21819333333333338,0.1,0.2
0.05,WALKING_COWHERD,10,15,414.3,413.8,74.51870324189527,74.46882793017457,0.4305833333333333,0.3563233333333334,0.21309333333333336,0.1,0.2
0.05,WALKING_COWHERD,10,16,419.4,419.0,71.79856115107914,71.74278846153847,0.43116000000000004,0.3539066666666667,0.21493333333333334,0.1,0.2
0.05,WALKING_COWHERD,10,17,417.0,416.6,73.58476658476658,73.48522167487685,0.43285333333333326,0.3569633333333333,0.2101833333333333,0.1,0.2
0.05,WALKING_COWHERD,10,18,414.3,413.7,73.18337408312958,73.08823529411765,0.43006,0.3538733333333333,0.21606666666666668,0.1,0.2
0.05,WALKING_COWHERD,10,19,415.2,414.5,70.81796690307328,70.79857819905213,0.43305999999999994,0.3569833333333333,0.20995666666666665,0.1,0.2
